Canonical,Alias
Alstermaus,Jane Doe 0815
Damien 44,Damien44
Darkface 46,Darkface 45
itsH4K1,ItsH4K1
Kamikaze82,Kamikaze 82
KingKobra2,KingKobra 2
KingKobra2,King Kobra 2
KingKobra2,KingKobra2
Kinkel27,Kinkel
Kinkel27,Kinkel 27
Littel Joe,LittleJoe
Littel Joe,LittelJoe
Littel Joe,Littel joe
lOmsen,IOmsen
Maik Elt,Maik1234567890
Maik Elt,Maik Elt
PAvluWKA,PAfluWKA
rompa RU96,rompa007
rompa RU96,rompa 007
rompa RU96,rompa ru
Schalmei3,Schalme13
x Scorpion x,XSCØRPIØN✗
x Scorpion x,xSCORPIONx
Yusam 83,Yusam83
Zombie 666 80 420,Zombie666 80 420
jаymаcтacjay,jаymаcтacjay
Dark Werwolf,Darkschredder
Dark Werwolf,DarkSchredder
Dark Werwolf,Dark Schredder
